id,title,subreddit,primary_theme,sentiment_label,sentiment_compound,dominant_emotion,rhetorical_frame,clean_text,source_url
reddit_001,Anyone actually trusting ChatGPT for research after Mata?,lawyers,accuracy_trust,positive,0.818,pragmatism,question_seeking,anyone actually trusting chatgpt for research after mata? i'm a solo and tried chatgpt for a motion outline. it cited cases that looked real but were completely fabricated. after mata i feel like i need to verify every sentence. curious what others use that is actually grounded in real citations.,https://www.reddit.com/r/lawyers/search/?q=Anyone+actually+trusting+ChatGPT+for+research+after+Mata%3F&restrict_sr=1&sort=relevance
reddit_002,,lawyers,accuracy_trust,positive,0.485,none,unframed,"we piloted harvey for contract review. accuracy is better than generic chatbots but i still catch wrong clause summaries weekly. the value is speed on first pass, not final judgment. you must validate everything before it goes to a client.",https://www.reddit.com/r/lawyers/search/?q=We+piloted+Harvey+for+contract+review.+Accuracy+is+better+than+generic+chatbots&restrict_sr=1&sort=relevance
reddit_003,Harvey vs CoCounsel for mid-size litigation shop?,LegalTech,tool_review,negative,-0.262,enthusiasm,unframed,harvey vs cocounsel for mid-size litigation shop? managing partner wants us to pick one ai stack this quarter. harvey demo was impressive but pricing is opaque. cocounsel integrates with westlaw which our associates already live in. worried about subscription creep when you add research plus ai tiers.,https://www.reddit.com/r/LegalTech/search/?q=Harvey+vs+CoCounsel+for+mid-size+litigation+shop%3F&restrict_sr=1&sort=relevance
reddit_004,,LegalTech,efficiency_gains,negative,-0.296,pragmatism,data_driven,our firm pays roughly 400 per user per month once you stack research and ai. roi only works if partners actually change workflow and stop re-billing manual review hours.,https://www.reddit.com/r/LegalTech/search/?q=Our+firm+pays+roughly+400+per+user+per+month+once+you+stack+research+and+AI.+ROI&restrict_sr=1&sort=relevance
reddit_005,Partners still refuse to adopt any AI tools,LawFirm,adoption_resistance,negative,-0.09,none,unframed,partners still refuse to adopt any ai tools i'm at a 40 attorney firm. younger associates use chatgpt quietly. partners say malpractice risk and client confidentiality. we have no firm ai policy. perfect is the enemy of good but nobody wants to be the test case.,https://www.reddit.com/r/LawFirm/search/?q=Partners+still+refuse+to+adopt+any+AI+tools&restrict_sr=1&sort=relevance
reddit_006,,LawFirm,adoption_resistance,positive,0.25,none,unframed,"billable hour model is the real barrier. if ai saves ten hours on discovery review, who captures that efficiency? until compensation changes, adoption will stay secret and uneven.",https://www.reddit.com/r/LawFirm/search/?q=Billable+hour+model+is+the+real+barrier.+If+AI+saves+ten+hours+on+discovery+revi&restrict_sr=1&sort=relevance
reddit_007,AI saved me 6 hours on a discovery privilege log draft,lawyers,ediscovery_review,positive,0.115,none,unframed,"ai saved me 6 hours on a discovery privilege log draft used our ediscovery platform ai assist on a document review batch. still made every privilege call myself but first-pass clustering cut review time dramatically. not magic, just faster triage. would not trust it on nuanced privilege without human eyes.",https://www.reddit.com/r/lawyers/search/?q=AI+saved+me+6+hours+on+a+discovery+privilege+log+draft&restrict_sr=1&sort=relevance
reddit_008,Relativity aiR for review — honest experience?,LegalTech,ediscovery_review,positive,0.8,pragmatism,unframed,relativity air for review honest experience? has anyone deployed air on a real matter? we need transparent and defensible tar workflows. courts accept ai assisted review if you document the process. looking for practical gotchas not vendor slides.,https://www.reddit.com/r/LegalTech/search/?q=Relativity+aiR+for+review+%E2%80%94+honest+experience%3F&restrict_sr=1&sort=relevance
reddit_009,Lawyer here — stop using ChatGPT for case citations,ChatGPT,accuracy_trust,negative,-0.695,none,unframed,lawyer here stop using chatgpt for case citations every week someone posts about getting burned by fake cases. llms are probabilistic text generators not legal databases. use purpose-built legal research tools or you are asking for sanctions. human verification is mandatory.,https://www.reddit.com/r/ChatGPT/search/?q=Lawyer+here+%E2%80%94+stop+using+ChatGPT+for+case+citations&restrict_sr=1&sort=relevance
reddit_010,Will AI replace paralegals in the next 5 years?,lawyers,job_displacement,negative,-0.527,pragmatism,unframed,will ai replace paralegals in the next 5 years? our paralegals already manage ai outputs and qa them. i think roles shift rather than disappear. firms that use ai will need people who understand both workflow and model limits. associates who ignore ai will be replaced by associates who don't.,https://www.reddit.com/r/lawyers/search/?q=Will+AI+replace+paralegals+in+the+next+5+years%3F&restrict_sr=1&sort=relevance
reddit_011,,LegalTech,accuracy_trust,negative,-0.25,skepticism,unframed,"skeptical of the hype cycle. half the legal ai products feel like marketing vaporware. show me audit logs, citation grounding, and error rates on my practice area before i ask partners to sign a three year contract.",https://www.reddit.com/r/LegalTech/search/?q=Skeptical+of+the+hype+cycle.+Half+the+legal+AI+products+feel+like+marketing+vapo&restrict_sr=1&sort=relevance
reddit_012,State bar AI disclosure rules — what is your firm doing?,LawFirm,ethics_regulation,neutral,0.0,none,unframed,"state bar ai disclosure rules what is your firm doing? pennsylvania now expects disclosure when ai drafts court submissions. we are building a red yellow green use policy and quarterly governance review. competence duty means understanding limitations of whatever tool you use, not becoming an ml engineer.",https://www.reddit.com/r/LawFirm/search/?q=State+bar+AI+disclosure+rules+%E2%80%94+what+is+your+firm+doing%3F&restrict_sr=1&sort=relevance
reddit_013,Clio AI features — worth it for small firm?,lawyers,cost_value,negative,-0.309,none,unframed,clio ai features worth it for small firm? three attorney pi shop considering clio work with vincent ai. monthly cost adds up but if it saves drafting time on demand letters might pay off. anyone compare it to just using claude with firm templates?,https://www.reddit.com/r/lawyers/search/?q=Clio+AI+features+%E2%80%94+worth+it+for+small+firm%3F&restrict_sr=1&sort=relevance
reddit_014,Document review AI is useful; legal reasoning AI is not ready,LegalTech,efficiency_gains,positive,0.891,pragmatism,lived_experience,"document review ai is useful legal reasoning ai is not ready in my experience ai excels at sorting, summarizing, and surfacing responsive documents. it struggles with gray area legal judgment and novel questions. treat it as a workflow accelerator with mandatory human oversight.",https://www.reddit.com/r/LegalTech/search/?q=Document+review+AI+is+useful%3B+legal+reasoning+AI+is+not+ready&restrict_sr=1&sort=relevance
reddit_015,,lawyers,ethics_regulation,negative,-0.382,pragmatism,fear_warning,client confidentiality keeps us on firm-approved tools only. uploading sensitive files to random chatbots is reckless. need vendors that contractually promise no training on our data.,https://www.reddit.com/r/lawyers/search/?q=Client+confidentiality+keeps+us+on+firm-approved+tools+only.+Uploading+sensitive&restrict_sr=1&sort=relevance
reddit_016,Used GPT for contract redlines — fast but missed indemnity nuance,ChatGPT,efficiency_gains,negative,-0.153,pragmatism,lived_experience,"used gpt for contract redlines fast but missed indemnity nuance i tried it on a vendor agreement. got a decent first markup in minutes but missed a subtle indemnity carve-out that mattered. useful for speed, dangerous if you skip line-by-line review. pros and cons depending on document complexity.",https://www.reddit.com/r/ChatGPT/search/?q=Used+GPT+for+contract+redlines+%E2%80%94+fast+but+missed+indemnity+nuance&restrict_sr=1&sort=relevance
reddit_017,Lexis+ AI hallucination rate — anyone benchmarking?,LegalTech,accuracy_trust,neutral,0.039,pragmatism,unframed,lexis ai hallucination rate anyone benchmarking? seeing studies cite roughly one in six bad queries for some legal ai products. we run spot checks on every research memo draft. trust but verify is the only sustainable workflow.,https://www.reddit.com/r/LegalTech/search/?q=Lexis%2B+AI+hallucination+rate+%E2%80%94+anyone+benchmarking%3F&restrict_sr=1&sort=relevance
reddit_018,Flat fee migration partly driven by AI efficiency,LawFirm,cost_value,positive,0.718,none,data_driven,flat fee migration partly driven by ai efficiency we moved several discovery-heavy matters to flat fees after ai assisted review cut our hours. margins improved but only because we tracked time saved and repriced deliberately. billable hour firms may resist even when tools work.,https://www.reddit.com/r/LawFirm/search/?q=Flat+fee+migration+partly+driven+by+AI+efficiency&restrict_sr=1&sort=relevance
reddit_019,Law student — should I learn prompting or Westlaw first?,lawyers,job_displacement,positive,0.587,pragmatism,question_seeking,law student should i learn prompting or westlaw first? career services says ai literacy matters but clinics still grade on traditional research. feels like the bar exam world and the practice world are diverging. what skills actually matter for a 2026 associate?,https://www.reddit.com/r/lawyers/search/?q=Law+student+%E2%80%94+should+I+learn+prompting+or+Westlaw+first%3F&restrict_sr=1&sort=relevance
reddit_020,,LegalTech,adoption_resistance,positive,0.273,none,unframed,"integration beats shiny demos. if ai does not plug into dms, billing, and ethical walls it dies in pilot purgatory. vendors underestimate change management.",https://www.reddit.com/r/LegalTech/search/?q=Integration+beats+shiny+demos.+If+AI+does+not+plug+into+DMS%2C+billing%2C+and+ethica&restrict_sr=1&sort=relevance
reddit_021,AI governance board — what should it actually review?,lawyers,ethics_regulation,positive,0.361,pragmatism,unframed,"ai governance board what should it actually review? amlaw firm stood up an ai committee. we review vendor dpas, log retention, hallucination incident reports, and training materials. still figuring out what competence looks like for partners vs associates.",https://www.reddit.com/r/lawyers/search/?q=AI+governance+board+%E2%80%94+what+should+it+actually+review%3F&restrict_sr=1&sort=relevance
reddit_022,,ChatGPT,adoption_resistance,negative,-0.527,skepticism,unframed,the black box problem is real. lawyers need to see sources and reasoning paths. until then adoption at serious firms stays cautious regardless of hype.,https://www.reddit.com/r/ChatGPT/search/?q=The+black+box+problem+is+real.+Lawyers+need+to+see+sources+and+reasoning+paths.&restrict_sr=1&sort=relevance
reddit_023,Spellbook vs generic GPT for contract drafting?,LegalTech,tool_review,positive,0.599,enthusiasm,hype_promotion,spellbook vs generic gpt for contract drafting? testing spellbook on ndas and msas. better guardrails than raw chatgpt but still not signing outputs without review. game changer for first drafts if your firm accepts the subscription cost.,https://www.reddit.com/r/LegalTech/search/?q=Spellbook+vs+generic+GPT+for+contract+drafting%3F&restrict_sr=1&sort=relevance
reddit_024,Paralegal team now QA-ing all AI-generated drafts,LawFirm,job_displacement,positive,0.206,pragmatism,unframed,paralegal team now qa-ing all ai-generated drafts we did not cut paralegal headcount. we redirected them to verification workflows and client-ready formatting. ai handles volume humans handle accountability. that seems to be the sustainable model.,https://www.reddit.com/r/LawFirm/search/?q=Paralegal+team+now+QA-ing+all+AI-generated+drafts&restrict_sr=1&sort=relevance
reddit_025,Has anyone been sanctioned for AI use besides Mata?,lawyers,ethics_regulation,negative,-0.128,none,unframed,has anyone been sanctioned for ai use besides mata? collecting examples for a cle on competence. looking for cases where courts flagged unverified ai citations or disclosure failures. human researcher still has to validate the list ironically.,https://www.reddit.com/r/lawyers/search/?q=Has+anyone+been+sanctioned+for+AI+use+besides+Mata%3F&restrict_sr=1&sort=relevance
