id,source,source_type,collected_at,subreddit,title,body_text,author,score,num_comments,created_date,source_url,source_link_type,source_link_label,post_type
reddit_001,reddit,post,2026-06-04T01:13:54Z,lawyers,Anyone actually trusting ChatGPT for research after Mata?,I'm a solo and tried ChatGPT for a motion outline. It cited cases that looked real but were completely fabricated. After Mata I feel like I need to verify every sentence. Curious what others use that is actually grounded in real citations.,solo_litigator,412,89,2024-03-15,https://www.reddit.com/r/lawyers/search/?q=Anyone+actually+trusting+ChatGPT+for+research+after+Mata%3F&restrict_sr=1&sort=relevance,subreddit_search,Search r/lawyers,post
reddit_002,reddit,comment,2026-06-04T01:13:54Z,lawyers,,"We piloted Harvey for contract review. Accuracy is better than generic chatbots but I still catch wrong clause summaries weekly. The value is speed on first pass, not final judgment. You must validate everything before it goes to a client.",biglaw_associate,156,0,2024-06-02,https://www.reddit.com/r/lawyers/search/?q=We+piloted+Harvey+for+contract+review.+Accuracy+is+better+than+generic+chatbots&restrict_sr=1&sort=relevance,subreddit_search,Search r/lawyers,comment
reddit_003,reddit,post,2026-06-04T01:13:54Z,LegalTech,Harvey vs CoCounsel for mid-size litigation shop?,Managing partner wants us to pick one AI stack this quarter. Harvey demo was impressive but pricing is opaque. CoCounsel integrates with Westlaw which our associates already live in. Worried about subscription creep when you add research plus AI tiers.,lit_support_lead,98,44,2025-01-10,https://www.reddit.com/r/LegalTech/search/?q=Harvey+vs+CoCounsel+for+mid-size+litigation+shop%3F&restrict_sr=1&sort=relevance,subreddit_search,Search r/LegalTech,post
reddit_004,reddit,comment,2026-06-04T01:13:54Z,LegalTech,,Our firm pays roughly 400 per user per month once you stack research and AI. ROI only works if partners actually change workflow and stop re-billing manual review hours.,ops_director,67,0,2025-01-11,https://www.reddit.com/r/LegalTech/search/?q=Our+firm+pays+roughly+400+per+user+per+month+once+you+stack+research+and+AI.+ROI&restrict_sr=1&sort=relevance,subreddit_search,Search r/LegalTech,comment
reddit_005,reddit,post,2026-06-04T01:13:54Z,LawFirm,Partners still refuse to adopt any AI tools,I'm at a 40 attorney firm. Younger associates use ChatGPT quietly. Partners say malpractice risk and client confidentiality. We have no firm AI policy. Perfect is the enemy of good but nobody wants to be the test case.,associate_year3,234,71,2024-11-20,https://www.reddit.com/r/LawFirm/search/?q=Partners+still+refuse+to+adopt+any+AI+tools&restrict_sr=1&sort=relevance,subreddit_search,Search r/LawFirm,post
reddit_006,reddit,comment,2026-06-04T01:13:54Z,LawFirm,,"Billable hour model is the real barrier. If AI saves ten hours on discovery review, who captures that efficiency? Until compensation changes, adoption will stay secret and uneven.",senior_associate,189,0,2024-11-21,https://www.reddit.com/r/LawFirm/search/?q=Billable+hour+model+is+the+real+barrier.+If+AI+saves+ten+hours+on+discovery+revi&restrict_sr=1&sort=relevance,subreddit_search,Search r/LawFirm,comment
reddit_007,reddit,post,2026-06-04T01:13:54Z,lawyers,AI saved me 6 hours on a discovery privilege log draft,"Used our ediscovery platform AI assist on a document review batch. Still made every privilege call myself but first-pass clustering cut review time dramatically. Not magic, just faster triage. Would not trust it on nuanced privilege without human eyes.",discovery_attorney,301,52,2025-02-08,https://www.reddit.com/r/lawyers/search/?q=AI+saved+me+6+hours+on+a+discovery+privilege+log+draft&restrict_sr=1&sort=relevance,subreddit_search,Search r/lawyers,post
reddit_008,reddit,post,2026-06-04T01:13:54Z,LegalTech,Relativity aiR for review — honest experience?,Has anyone deployed aiR on a real matter? We need transparent and defensible TAR workflows. Courts accept AI assisted review if you document the process. Looking for practical gotchas not vendor slides.,ediscovery_pm,45,19,2024-09-14,https://www.reddit.com/r/LegalTech/search/?q=Relativity+aiR+for+review+%E2%80%94+honest+experience%3F&restrict_sr=1&sort=relevance,subreddit_search,Search r/LegalTech,post
reddit_009,reddit,post,2026-06-04T01:13:54Z,ChatGPT,Lawyer here — stop using ChatGPT for case citations,Every week someone posts about getting burned by fake cases. LLMs are probabilistic text generators not legal databases. Use purpose-built legal research tools or you are asking for sanctions. Human verification is mandatory.,ethics_nerd,892,143,2023-06-12,https://www.reddit.com/r/ChatGPT/search/?q=Lawyer+here+%E2%80%94+stop+using+ChatGPT+for+case+citations&restrict_sr=1&sort=relevance,subreddit_search,Search r/ChatGPT,post
reddit_010,reddit,post,2026-06-04T01:13:54Z,lawyers,Will AI replace paralegals in the next 5 years?,Our paralegals already manage AI outputs and QA them. I think roles shift rather than disappear. Firms that use AI will need people who understand both workflow and model limits. Associates who ignore AI will be replaced by associates who don't.,employment_lawyer,178,96,2025-03-01,https://www.reddit.com/r/lawyers/search/?q=Will+AI+replace+paralegals+in+the+next+5+years%3F&restrict_sr=1&sort=relevance,subreddit_search,Search r/lawyers,post
reddit_011,reddit,comment,2026-06-04T01:13:54Z,LegalTech,,"Skeptical of the hype cycle. Half the legal AI products feel like marketing vaporware. Show me audit logs, citation grounding, and error rates on my practice area before I ask partners to sign a three year contract.",skeptical_gc,112,0,2025-03-02,https://www.reddit.com/r/LegalTech/search/?q=Skeptical+of+the+hype+cycle.+Half+the+legal+AI+products+feel+like+marketing+vapo&restrict_sr=1&sort=relevance,subreddit_search,Search r/LegalTech,comment
reddit_012,reddit,post,2026-06-04T01:13:54Z,LawFirm,State bar AI disclosure rules — what is your firm doing?,"Pennsylvania now expects disclosure when AI drafts court submissions. We are building a red yellow green use policy and quarterly governance review. Competence duty means understanding limitations of whatever tool you use, not becoming an ML engineer.",risk_partner,88,34,2025-04-18,https://www.reddit.com/r/LawFirm/search/?q=State+bar+AI+disclosure+rules+%E2%80%94+what+is+your+firm+doing%3F&restrict_sr=1&sort=relevance,subreddit_search,Search r/LawFirm,post
reddit_013,reddit,post,2026-06-04T01:13:54Z,lawyers,Clio AI features — worth it for small firm?,Three attorney PI shop considering Clio Work with Vincent AI. Monthly cost adds up but if it saves drafting time on demand letters might pay off. Anyone compare it to just using Claude with firm templates?,pi_attorney,54,27,2025-05-06,https://www.reddit.com/r/lawyers/search/?q=Clio+AI+features+%E2%80%94+worth+it+for+small+firm%3F&restrict_sr=1&sort=relevance,subreddit_search,Search r/lawyers,post
reddit_014,reddit,post,2026-06-04T01:13:54Z,LegalTech,Document review AI is useful; legal reasoning AI is not ready,"In my experience AI excels at sorting, summarizing, and surfacing responsive documents. It struggles with gray area legal judgment and novel questions. Treat it as a workflow accelerator with mandatory human oversight.",litigation_consultant,203,41,2024-12-03,https://www.reddit.com/r/LegalTech/search/?q=Document+review+AI+is+useful%3B+legal+reasoning+AI+is+not+ready&restrict_sr=1&sort=relevance,subreddit_search,Search r/LegalTech,post
reddit_015,reddit,comment,2026-06-04T01:13:54Z,lawyers,,Client confidentiality keeps us on firm-approved tools only. Uploading sensitive files to random chatbots is reckless. Need vendors that contractually promise no training on our data.,privacy_focused,145,0,2024-12-04,https://www.reddit.com/r/lawyers/search/?q=Client+confidentiality+keeps+us+on+firm-approved+tools+only.+Uploading+sensitive&restrict_sr=1&sort=relevance,subreddit_search,Search r/lawyers,comment
reddit_016,reddit,post,2026-06-04T01:13:54Z,ChatGPT,Used GPT for contract redlines — fast but missed indemnity nuance,"I tried it on a vendor agreement. Got a decent first markup in minutes but missed a subtle indemnity carve-out that mattered. Useful for speed, dangerous if you skip line-by-line review. Pros and cons depending on document complexity.",inhouse_counsel,76,22,2024-08-22,https://www.reddit.com/r/ChatGPT/search/?q=Used+GPT+for+contract+redlines+%E2%80%94+fast+but+missed+indemnity+nuance&restrict_sr=1&sort=relevance,subreddit_search,Search r/ChatGPT,post
reddit_017,reddit,post,2026-06-04T01:13:54Z,LegalTech,Lexis+ AI hallucination rate — anyone benchmarking?,Seeing studies cite roughly one in six bad queries for some legal AI products. We run spot checks on every research memo draft. Trust but verify is the only sustainable workflow.,research_librarian,129,38,2025-01-28,https://www.reddit.com/r/LegalTech/search/?q=Lexis%2B+AI+hallucination+rate+%E2%80%94+anyone+benchmarking%3F&restrict_sr=1&sort=relevance,subreddit_search,Search r/LegalTech,post
reddit_018,reddit,post,2026-06-04T01:13:54Z,LawFirm,Flat fee migration partly driven by AI efficiency,We moved several discovery-heavy matters to flat fees after AI assisted review cut our hours. Margins improved but only because we tracked time saved and repriced deliberately. Billable hour firms may resist even when tools work.,managing_partner_sm,91,18,2025-02-19,https://www.reddit.com/r/LawFirm/search/?q=Flat+fee+migration+partly+driven+by+AI+efficiency&restrict_sr=1&sort=relevance,subreddit_search,Search r/LawFirm,post
reddit_019,reddit,post,2026-06-04T01:13:54Z,lawyers,Law student — should I learn prompting or Westlaw first?,Career services says AI literacy matters but clinics still grade on traditional research. Feels like the bar exam world and the practice world are diverging. What skills actually matter for a 2026 associate?,3L_student,167,84,2025-04-02,https://www.reddit.com/r/lawyers/search/?q=Law+student+%E2%80%94+should+I+learn+prompting+or+Westlaw+first%3F&restrict_sr=1&sort=relevance,subreddit_search,Search r/lawyers,post
reddit_020,reddit,comment,2026-06-04T01:13:54Z,LegalTech,,"Integration beats shiny demos. If AI does not plug into DMS, billing, and ethical walls it dies in pilot purgatory. Vendors underestimate change management.",legal_ops,84,0,2025-04-03,https://www.reddit.com/r/LegalTech/search/?q=Integration+beats+shiny+demos.+If+AI+does+not+plug+into+DMS%2C+billing%2C+and+ethica&restrict_sr=1&sort=relevance,subreddit_search,Search r/LegalTech,comment
reddit_021,reddit,post,2026-06-04T01:13:54Z,lawyers,AI governance board — what should it actually review?,"AmLaw firm stood up an AI committee. We review vendor DPAs, log retention, hallucination incident reports, and training materials. Still figuring out what competence looks like for partners vs associates.",innovation_counsel,62,15,2025-05-20,https://www.reddit.com/r/lawyers/search/?q=AI+governance+board+%E2%80%94+what+should+it+actually+review%3F&restrict_sr=1&sort=relevance,subreddit_search,Search r/lawyers,post
reddit_022,reddit,comment,2026-06-04T01:13:54Z,ChatGPT,,The black box problem is real. Lawyers need to see sources and reasoning paths. Until then adoption at serious firms stays cautious regardless of hype.,tech_savvy_attorney,198,0,2025-05-21,https://www.reddit.com/r/ChatGPT/search/?q=The+black+box+problem+is+real.+Lawyers+need+to+see+sources+and+reasoning+paths.&restrict_sr=1&sort=relevance,subreddit_search,Search r/ChatGPT,comment
reddit_023,reddit,post,2026-06-04T01:13:54Z,LegalTech,Spellbook vs generic GPT for contract drafting?,Testing Spellbook on NDAs and MSAs. Better guardrails than raw ChatGPT but still not signing outputs without review. Game changer for first drafts if your firm accepts the subscription cost.,startup_counsel,73,29,2024-10-11,https://www.reddit.com/r/LegalTech/search/?q=Spellbook+vs+generic+GPT+for+contract+drafting%3F&restrict_sr=1&sort=relevance,subreddit_search,Search r/LegalTech,post
reddit_024,reddit,post,2026-06-04T01:13:54Z,LawFirm,Paralegal team now QA-ing all AI-generated drafts,We did not cut paralegal headcount. We redirected them to verification workflows and client-ready formatting. AI handles volume; humans handle accountability. That seems to be the sustainable model.,office_manager,118,31,2025-03-14,https://www.reddit.com/r/LawFirm/search/?q=Paralegal+team+now+QA-ing+all+AI-generated+drafts&restrict_sr=1&sort=relevance,subreddit_search,Search r/LawFirm,post
reddit_025,reddit,post,2026-06-04T01:13:54Z,lawyers,Has anyone been sanctioned for AI use besides Mata?,Collecting examples for a CLE on competence. Looking for cases where courts flagged unverified AI citations or disclosure failures. Human researcher still has to validate the list ironically.,cle_speaker,95,47,2025-06-01,https://www.reddit.com/r/lawyers/search/?q=Has+anyone+been+sanctioned+for+AI+use+besides+Mata%3F&restrict_sr=1&sort=relevance,subreddit_search,Search r/lawyers,post
