theme,theme_label,rank,title,body_text,author,excerpt,subreddit,post_type,score,source_url,source_link_label,source_link_type,row_id
accuracy_trust,"Accuracy, trust, and verification",1,Lawyer here — stop using ChatGPT for case citations,Every week someone posts about getting burned by fake cases. LLMs are probabilistic text generators not legal databases. Use purpose-built legal research tools or you are asking for sanctions. Human verification is mandatory.,ethics_nerd,"Lawyer here — stop using ChatGPT for case citations

Every week someone posts about getting burned by fake cases. LLMs are probabilistic text generators not legal databases. Use purpose-built legal research tools or you are asking for sanctions. Human verification is mandatory.",ChatGPT,post,892,https://www.reddit.com/r/ChatGPT/search/?q=Lawyer+here+%E2%80%94+stop+using+ChatGPT+for+case+citations&restrict_sr=1&sort=relevance,Search r/ChatGPT,subreddit_search,reddit_009
accuracy_trust,"Accuracy, trust, and verification",2,Anyone actually trusting ChatGPT for research after Mata?,I'm a solo and tried ChatGPT for a motion outline. It cited cases that looked real but were completely fabricated. After Mata I feel like I need to verify every sentence. Curious what others use that is actually grounded in real citations.,solo_litigator,"Anyone actually trusting ChatGPT for research after Mata?

I'm a solo and tried ChatGPT for a motion outline. It cited cases that looked real but were completely fabricated. After Mata I feel like I need to verify every sentence. Curious what others use that is actually grounded in real citations.",lawyers,post,412,https://www.reddit.com/r/lawyers/search/?q=Anyone+actually+trusting+ChatGPT+for+research+after+Mata%3F&restrict_sr=1&sort=relevance,Search r/lawyers,subreddit_search,reddit_001
accuracy_trust,"Accuracy, trust, and verification",3,,"We piloted Harvey for contract review. Accuracy is better than generic chatbots but I still catch wrong clause summaries weekly. The value is speed on first pass, not final judgment. You must validate everything before it goes to a client.",biglaw_associate,"We piloted Harvey for contract review. Accuracy is better than generic chatbots but I still catch wrong clause summaries weekly. The value is speed on first pass, not final judgment. You must validate everything before it goes to a client.",lawyers,comment,156,https://www.reddit.com/r/lawyers/search/?q=We+piloted+Harvey+for+contract+review.+Accuracy+is+better+than+generic+chatbots&restrict_sr=1&sort=relevance,Search r/lawyers,subreddit_search,reddit_002
tool_review,Tool comparisons and vendor selection,1,Harvey vs CoCounsel for mid-size litigation shop?,Managing partner wants us to pick one AI stack this quarter. Harvey demo was impressive but pricing is opaque. CoCounsel integrates with Westlaw which our associates already live in. Worried about subscription creep when you add research plus AI tiers.,lit_support_lead,"Harvey vs CoCounsel for mid-size litigation shop?

Managing partner wants us to pick one AI stack this quarter. Harvey demo was impressive but pricing is opaque. CoCounsel integrates with Westlaw which our associates already live in. Worried about subscription creep when you add research plus AI tiers.",LegalTech,post,98,https://www.reddit.com/r/LegalTech/search/?q=Harvey+vs+CoCounsel+for+mid-size+litigation+shop%3F&restrict_sr=1&sort=relevance,Search r/LegalTech,subreddit_search,reddit_003
tool_review,Tool comparisons and vendor selection,2,Spellbook vs generic GPT for contract drafting?,Testing Spellbook on NDAs and MSAs. Better guardrails than raw ChatGPT but still not signing outputs without review. Game changer for first drafts if your firm accepts the subscription cost.,startup_counsel,"Spellbook vs generic GPT for contract drafting?

Testing Spellbook on NDAs and MSAs. Better guardrails than raw ChatGPT but still not signing outputs without review. Game changer for first drafts if your firm accepts the subscription cost.",LegalTech,post,73,https://www.reddit.com/r/LegalTech/search/?q=Spellbook+vs+generic+GPT+for+contract+drafting%3F&restrict_sr=1&sort=relevance,Search r/LegalTech,subreddit_search,reddit_023
efficiency_gains,Efficiency and workflow gains,1,Document review AI is useful; legal reasoning AI is not ready,"In my experience AI excels at sorting, summarizing, and surfacing responsive documents. It struggles with gray area legal judgment and novel questions. Treat it as a workflow accelerator with mandatory human oversight.",litigation_consultant,"Document review AI is useful; legal reasoning AI is not ready

In my experience AI excels at sorting, summarizing, and surfacing responsive documents. It struggles with gray area legal judgment and novel questions. Treat it as a workflow accelerator with mandatory human oversight.",LegalTech,post,203,https://www.reddit.com/r/LegalTech/search/?q=Document+review+AI+is+useful%3B+legal+reasoning+AI+is+not+ready&restrict_sr=1&sort=relevance,Search r/LegalTech,subreddit_search,reddit_014
efficiency_gains,Efficiency and workflow gains,2,Used GPT for contract redlines — fast but missed indemnity nuance,"I tried it on a vendor agreement. Got a decent first markup in minutes but missed a subtle indemnity carve-out that mattered. Useful for speed, dangerous if you skip line-by-line review. Pros and cons depending on document complexity.",inhouse_counsel,"Used GPT for contract redlines — fast but missed indemnity nuance

I tried it on a vendor agreement. Got a decent first markup in minutes but missed a subtle indemnity carve-out that mattered. Useful for speed, dangerous if you skip line-by-line review. Pros and cons depending on document complexity.",ChatGPT,post,76,https://www.reddit.com/r/ChatGPT/search/?q=Used+GPT+for+contract+redlines+%E2%80%94+fast+but+missed+indemnity+nuance&restrict_sr=1&sort=relevance,Search r/ChatGPT,subreddit_search,reddit_016
efficiency_gains,Efficiency and workflow gains,3,,Our firm pays roughly 400 per user per month once you stack research and AI. ROI only works if partners actually change workflow and stop re-billing manual review hours.,ops_director,Our firm pays roughly 400 per user per month once you stack research and AI. ROI only works if partners actually change workflow and stop re-billing manual review hours.,LegalTech,comment,67,https://www.reddit.com/r/LegalTech/search/?q=Our+firm+pays+roughly+400+per+user+per+month+once+you+stack+research+and+AI.+ROI&restrict_sr=1&sort=relevance,Search r/LegalTech,subreddit_search,reddit_004
adoption_resistance,Adoption resistance and firm culture,1,Partners still refuse to adopt any AI tools,I'm at a 40 attorney firm. Younger associates use ChatGPT quietly. Partners say malpractice risk and client confidentiality. We have no firm AI policy. Perfect is the enemy of good but nobody wants to be the test case.,associate_year3,"Partners still refuse to adopt any AI tools

I'm at a 40 attorney firm. Younger associates use ChatGPT quietly. Partners say malpractice risk and client confidentiality. We have no firm AI policy. Perfect is the enemy of good but nobody wants to be the test case.",LawFirm,post,234,https://www.reddit.com/r/LawFirm/search/?q=Partners+still+refuse+to+adopt+any+AI+tools&restrict_sr=1&sort=relevance,Search r/LawFirm,subreddit_search,reddit_005
adoption_resistance,Adoption resistance and firm culture,2,,The black box problem is real. Lawyers need to see sources and reasoning paths. Until then adoption at serious firms stays cautious regardless of hype.,tech_savvy_attorney,The black box problem is real. Lawyers need to see sources and reasoning paths. Until then adoption at serious firms stays cautious regardless of hype.,ChatGPT,comment,198,https://www.reddit.com/r/ChatGPT/search/?q=The+black+box+problem+is+real.+Lawyers+need+to+see+sources+and+reasoning+paths.&restrict_sr=1&sort=relevance,Search r/ChatGPT,subreddit_search,reddit_022
adoption_resistance,Adoption resistance and firm culture,3,,"Billable hour model is the real barrier. If AI saves ten hours on discovery review, who captures that efficiency? Until compensation changes, adoption will stay secret and uneven.",senior_associate,"Billable hour model is the real barrier. If AI saves ten hours on discovery review, who captures that efficiency? Until compensation changes, adoption will stay secret and uneven.",LawFirm,comment,189,https://www.reddit.com/r/LawFirm/search/?q=Billable+hour+model+is+the+real+barrier.+If+AI+saves+ten+hours+on+discovery+revi&restrict_sr=1&sort=relevance,Search r/LawFirm,subreddit_search,reddit_006
ediscovery_review,eDiscovery and document review,1,AI saved me 6 hours on a discovery privilege log draft,"Used our ediscovery platform AI assist on a document review batch. Still made every privilege call myself but first-pass clustering cut review time dramatically. Not magic, just faster triage. Would not trust it on nuanced privilege without human eyes.",discovery_attorney,"AI saved me 6 hours on a discovery privilege log draft

Used our ediscovery platform AI assist on a document review batch. Still made every privilege call myself but first-pass clustering cut review time dramatically. Not magic, just faster triage. Would not trust it on nuanced privilege without human eyes.",lawyers,post,301,https://www.reddit.com/r/lawyers/search/?q=AI+saved+me+6+hours+on+a+discovery+privilege+log+draft&restrict_sr=1&sort=relevance,Search r/lawyers,subreddit_search,reddit_007
ediscovery_review,eDiscovery and document review,2,Relativity aiR for review — honest experience?,Has anyone deployed aiR on a real matter? We need transparent and defensible TAR workflows. Courts accept AI assisted review if you document the process. Looking for practical gotchas not vendor slides.,ediscovery_pm,"Relativity aiR for review — honest experience?

Has anyone deployed aiR on a real matter? We need transparent and defensible TAR workflows. Courts accept AI assisted review if you document the process. Looking for practical gotchas not vendor slides.",LegalTech,post,45,https://www.reddit.com/r/LegalTech/search/?q=Relativity+aiR+for+review+%E2%80%94+honest+experience%3F&restrict_sr=1&sort=relevance,Search r/LegalTech,subreddit_search,reddit_008
job_displacement,Role change vs job displacement,1,Will AI replace paralegals in the next 5 years?,Our paralegals already manage AI outputs and QA them. I think roles shift rather than disappear. Firms that use AI will need people who understand both workflow and model limits. Associates who ignore AI will be replaced by associates who don't.,employment_lawyer,"Will AI replace paralegals in the next 5 years?

Our paralegals already manage AI outputs and QA them. I think roles shift rather than disappear. Firms that use AI will need people who understand both workflow and model limits. Associates who ignore AI will be replaced by associates who don't.",lawyers,post,178,https://www.reddit.com/r/lawyers/search/?q=Will+AI+replace+paralegals+in+the+next+5+years%3F&restrict_sr=1&sort=relevance,Search r/lawyers,subreddit_search,reddit_010
job_displacement,Role change vs job displacement,2,Law student — should I learn prompting or Westlaw first?,Career services says AI literacy matters but clinics still grade on traditional research. Feels like the bar exam world and the practice world are diverging. What skills actually matter for a 2026 associate?,3L_student,"Law student — should I learn prompting or Westlaw first?

Career services says AI literacy matters but clinics still grade on traditional research. Feels like the bar exam world and the practice world are diverging. What skills actually matter for a 2026 associate?",lawyers,post,167,https://www.reddit.com/r/lawyers/search/?q=Law+student+%E2%80%94+should+I+learn+prompting+or+Westlaw+first%3F&restrict_sr=1&sort=relevance,Search r/lawyers,subreddit_search,reddit_019
job_displacement,Role change vs job displacement,3,Paralegal team now QA-ing all AI-generated drafts,We did not cut paralegal headcount. We redirected them to verification workflows and client-ready formatting. AI handles volume; humans handle accountability. That seems to be the sustainable model.,office_manager,"Paralegal team now QA-ing all AI-generated drafts

We did not cut paralegal headcount. We redirected them to verification workflows and client-ready formatting. AI handles volume; humans handle accountability. That seems to be the sustainable model.",LawFirm,post,118,https://www.reddit.com/r/LawFirm/search/?q=Paralegal+team+now+QA-ing+all+AI-generated+drafts&restrict_sr=1&sort=relevance,Search r/LawFirm,subreddit_search,reddit_024
ethics_regulation,"Ethics, confidentiality, and governance",1,,Client confidentiality keeps us on firm-approved tools only. Uploading sensitive files to random chatbots is reckless. Need vendors that contractually promise no training on our data.,privacy_focused,Client confidentiality keeps us on firm-approved tools only. Uploading sensitive files to random chatbots is reckless. Need vendors that contractually promise no training on our data.,lawyers,comment,145,https://www.reddit.com/r/lawyers/search/?q=Client+confidentiality+keeps+us+on+firm-approved+tools+only.+Uploading+sensitive&restrict_sr=1&sort=relevance,Search r/lawyers,subreddit_search,reddit_015
ethics_regulation,"Ethics, confidentiality, and governance",2,Has anyone been sanctioned for AI use besides Mata?,Collecting examples for a CLE on competence. Looking for cases where courts flagged unverified AI citations or disclosure failures. Human researcher still has to validate the list ironically.,cle_speaker,"Has anyone been sanctioned for AI use besides Mata?

Collecting examples for a CLE on competence. Looking for cases where courts flagged unverified AI citations or disclosure failures. Human researcher still has to validate the list ironically.",lawyers,post,95,https://www.reddit.com/r/lawyers/search/?q=Has+anyone+been+sanctioned+for+AI+use+besides+Mata%3F&restrict_sr=1&sort=relevance,Search r/lawyers,subreddit_search,reddit_025
ethics_regulation,"Ethics, confidentiality, and governance",3,State bar AI disclosure rules — what is your firm doing?,"Pennsylvania now expects disclosure when AI drafts court submissions. We are building a red yellow green use policy and quarterly governance review. Competence duty means understanding limitations of whatever tool you use, not becoming an ML engineer.",risk_partner,"State bar AI disclosure rules — what is your firm doing?

Pennsylvania now expects disclosure when AI drafts court submissions. We are building a red yellow green use policy and quarterly governance review. Competence duty means understanding limitations of whatever tool you use, not becoming an ML engineer.",LawFirm,post,88,https://www.reddit.com/r/LawFirm/search/?q=State+bar+AI+disclosure+rules+%E2%80%94+what+is+your+firm+doing%3F&restrict_sr=1&sort=relevance,Search r/LawFirm,subreddit_search,reddit_012
cost_value,"Cost, billing, and ROI",1,Flat fee migration partly driven by AI efficiency,We moved several discovery-heavy matters to flat fees after AI assisted review cut our hours. Margins improved but only because we tracked time saved and repriced deliberately. Billable hour firms may resist even when tools work.,managing_partner_sm,"Flat fee migration partly driven by AI efficiency

We moved several discovery-heavy matters to flat fees after AI assisted review cut our hours. Margins improved but only because we tracked time saved and repriced deliberately. Billable hour firms may resist even when tools work.",LawFirm,post,91,https://www.reddit.com/r/LawFirm/search/?q=Flat+fee+migration+partly+driven+by+AI+efficiency&restrict_sr=1&sort=relevance,Search r/LawFirm,subreddit_search,reddit_018
cost_value,"Cost, billing, and ROI",2,Clio AI features — worth it for small firm?,Three attorney PI shop considering Clio Work with Vincent AI. Monthly cost adds up but if it saves drafting time on demand letters might pay off. Anyone compare it to just using Claude with firm templates?,pi_attorney,"Clio AI features — worth it for small firm?

Three attorney PI shop considering Clio Work with Vincent AI. Monthly cost adds up but if it saves drafting time on demand letters might pay off. Anyone compare it to just using Claude with firm templates?",lawyers,post,54,https://www.reddit.com/r/lawyers/search/?q=Clio+AI+features+%E2%80%94+worth+it+for+small+firm%3F&restrict_sr=1&sort=relevance,Search r/lawyers,subreddit_search,reddit_013
